<?xml version="1.0" encoding="UTF-8"?>
<project-private xmlns="http://www.netbeans.org/ns/project-private/1">
    <editor-bookmarks xmlns="http://www.netbeans.org/ns/editor-bookmarks/2" lastBookmarkId="0"/>
    <open-files xmlns="http://www.netbeans.org/ns/projectui-open-files/2">
        <group name="AyDA">
            <file>file:/Users/a01334390/Documents/Git%20Projects/Luna/src/luna/databaseManager/DatabaseManager.java</file>
            <file>file:/Users/a01334390/Documents/Git%20Projects/Luna/src/BasicViews/NotebookView.java</file>
            <file>file:/Users/a01334390/Documents/Git%20Projects/Luna/src/BasicViews/MainWindowForm.java</file>
            <file>file:/Users/a01334390/Documents/Git%20Projects/Luna/src/luna/LoginForm.java</file>
        </group>
        <group>
            <file>file:/C:/Users/Arpi/Downloads/Luna-master%20(3)/Luna-master/src/luna/databaseManager/DatabaseManager.java</file>
            <file>file:/C:/Users/Arpi/Downloads/Luna-master%20(3)/Luna-master/src/luna/Luna.java</file>
        </group>
    </open-files>
</project-private>
