<?xml version="1.0" encoding="UTF-8"?>
<project-private xmlns="http://www.netbeans.org/ns/project-private/1">
    <editor-bookmarks xmlns="http://www.netbeans.org/ns/editor-bookmarks/2" lastBookmarkId="0"/>
    <open-files xmlns="http://www.netbeans.org/ns/projectui-open-files/2">
        <group name="AyDA">
            <file>file:/Users/a01334390/Documents/Git%20Projects/Luna/src/luna/databaseManager/DatabaseManager.java</file>
            <file>file:/Users/a01334390/Documents/Git%20Projects/Luna/src/BasicViews/NotebookView.java</file>
            <file>file:/Users/a01334390/Documents/Git%20Projects/Luna/src/BasicViews/MainWindowForm.java</file>
            <file>file:/Users/a01334390/Documents/Git%20Projects/Luna/src/luna/LoginForm.java</file>
        </group>
        <group>
            <file>file:/C:/Users/Alex/Desktop/Escuela/Cuarto%20semestre/DB/db%20imakenotebooks/Luna-master/src/BasicElements/AdvancedViews/AdvancedViewsMenu.java</file>
            <file>file:/C:/Users/Alex/Desktop/Escuela/Cuarto%20semestre/DB/db%20imakenotebooks/Luna-master/src/BasicElements/AdvancedViews/MostNotebooksOrdered.java</file>
            <file>file:/C:/Users/Alex/Desktop/Escuela/Cuarto%20semestre/DB/db%20imakenotebooks/Luna-master/src/luna/databaseManager/DatabaseManager.java</file>
            <file>file:/C:/Users/Alex/Desktop/Escuela/Cuarto%20semestre/DB/db%20imakenotebooks/Luna-master/src/BasicElements/AdvancedViews/ClosestOrders.java</file>
            <file>file:/C:/Users/Alex/Desktop/Escuela/Cuarto%20semestre/DB/db%20imakenotebooks/Luna-master/src/BasicElements/AdvancedViews/HighestBenefit.java</file>
            <file>file:/C:/Users/Alex/Desktop/Escuela/Cuarto%20semestre/DB/db%20imakenotebooks/Luna-master/src/BasicViews/MainWindowForm.java</file>
            <file>file:/C:/Users/Alex/Desktop/Escuela/Cuarto%20semestre/DB/db%20imakenotebooks/Luna-master/src/BasicElements/Order.java</file>
            <file>file:/C:/Users/Alex/Desktop/Escuela/Cuarto%20semestre/DB/db%20imakenotebooks/Luna-master/src/BasicElements/AdvancedViews/PedidosView.java</file>
            <file>file:/C:/Users/Alex/Desktop/Escuela/Cuarto%20semestre/DB/db%20imakenotebooks/Luna-master/src/BasicViews/NotebookView.java</file>
            <file>file:/C:/Users/Alex/Desktop/Escuela/Cuarto%20semestre/DB/db%20imakenotebooks/Luna-master/src/BasicElements/OrderNotebooks.java</file>
            <file>file:/C:/Users/Alex/Desktop/Escuela/Cuarto%20semestre/DB/db%20imakenotebooks/Luna-master/src/BasicElements/Cliente.java</file>
        </group>
    </open-files>
</project-private>
